Time,Value,Aggregate
18:13:04.071000,-0.023651123046875,170.8860759493671
18:13:04.072000,-0.0232696533203125,170.8860759493671
18:13:04.073000,-0.0240325927734375,170.8860759493671
18:13:04.073000,-0.0244140625,170.8860759493671
18:13:04.074000,-0.0244140625,170.8860759493671
18:13:04.075000,-0.0247955322265625,170.8860759493671
18:13:04.075000,-0.0255584716796875,170.8860759493671
18:13:04.076000,-0.02593994140625,170.8860759493671
18:13:04.077000,-0.02593994140625,170.8860759493671
18:13:04.077000,-0.025177001953125,170.8860759493671
18:13:04.078000,-0.0244140625,170.8860759493671
18:13:04.078000,-0.0247955322265625,170.8860759493671
18:13:04.079000,-0.0244140625,170.8860759493671
18:13:04.079000,-0.0240325927734375,170.8860759493671
18:13:04.080000,-0.0244140625,170.8860759493671
18:13:04.081000,-0.0247955322265625,170.8860759493671
18:13:04.084000,-0.0244140625,170.8860759493671
18:13:04.084000,-0.0240325927734375,170.8860759493671
18:13:04.085000,-0.0244140625,170.8860759493671
18:13:04.085000,-0.025177001953125,170.8860759493671
18:13:04.086000,-0.0255584716796875,170.8860759493671
18:13:04.087000,-0.025177001953125,170.8860759493671
18:13:04.087000,-0.0247955322265625,170.8860759493671
18:13:04.088000,-0.0240325927734375,170.8860759493671
18:13:04.088000,-0.0244140625,170.8860759493671
18:13:04.089000,-0.0240325927734375,170.8860759493671
18:13:04.090000,-0.0244140625,170.8860759493671
18:13:04.090000,-0.0244140625,170.8860759493671
18:13:04.091000,-0.025177001953125,170.8860759493671
18:13:04.091000,-0.0240325927734375,170.8860759493671
18:13:04.092000,-0.0247955322265625,170.8860759493671
18:13:04.092000,-0.0247955322265625,170.8860759493671
18:13:04.095000,-0.025177001953125,170.8860759493671
18:13:04.096000,-0.0255584716796875,170.8860759493671
18:13:04.096000,-0.0255584716796875,170.8860759493671
18:13:04.097000,-0.0240325927734375,170.8860759493671
18:13:04.097000,-0.0244140625,170.8860759493671
18:13:04.098000,-0.0244140625,170.8860759493671
18:13:04.098000,-0.0255584716796875,170.8860759493671
18:13:04.099000,-0.0247955322265625,170.8860759493671
18:13:04.099000,-0.0244140625,170.8860759493671
18:13:04.100000,-0.0247955322265625,170.8860759493671
18:13:04.100000,-0.0244140625,170.8860759493671
18:13:04.101000,-0.0244140625,170.8860759493671
18:13:04.101000,-0.0244140625,170.8860759493671
18:13:04.102000,-0.0244140625,170.8860759493671
18:13:04.102000,-0.0247955322265625,170.8860759493671
18:13:04.103000,-0.0240325927734375,170.8860759493671
18:13:28.233000,-0.0244140625,170.2463054187192
18:13:28.235000,-0.0232696533203125,170.2463054187192
18:13:28.235000,-0.0232696533203125,170.2463054187192
18:13:28.236000,-0.023651123046875,170.2463054187192
18:13:28.237000,-0.023651123046875,170.2463054187192
18:13:28.238000,-0.0232696533203125,170.2463054187192
18:13:28.239000,-0.0240325927734375,170.2463054187192
18:13:28.240000,-0.0247955322265625,170.2463054187192
18:13:28.241000,-0.025177001953125,170.2463054187192
18:13:28.241000,-0.0247955322265625,170.2463054187192
18:13:28.242000,-0.0247955322265625,170.2463054187192
18:13:28.242000,-0.0240325927734375,170.2463054187192
18:13:28.243000,-0.025177001953125,170.2463054187192
18:13:28.244000,-0.0247955322265625,170.2463054187192
18:13:28.244000,-0.0255584716796875,170.2463054187192
18:13:28.245000,-0.025177001953125,170.2463054187192
18:13:28.250000,-0.025177001953125,170.2463054187192
18:13:28.250000,-0.0255584716796875,170.2463054187192
18:13:28.251000,-0.025177001953125,170.2463054187192
18:13:28.252000,-0.0247955322265625,170.2463054187192
18:13:28.252000,-0.0244140625,170.2463054187192
18:13:28.253000,-0.0232696533203125,170.2463054187192
18:13:28.253000,-0.023651123046875,170.2463054187192
18:13:28.254000,-0.023651123046875,170.2463054187192
18:13:28.255000,-0.023651123046875,170.2463054187192
18:13:28.255000,-0.0244140625,170.2463054187192
18:13:28.256000,-0.0244140625,170.2463054187192
18:13:28.257000,-0.0247955322265625,170.2463054187192
18:13:28.257000,-0.0247955322265625,170.2463054187192
18:13:28.258000,-0.023651123046875,170.2463054187192
18:13:28.258000,-0.023651123046875,170.2463054187192
18:13:28.259000,-0.0240325927734375,170.2463054187192
18:13:28.262000,-0.0240325927734375,170.2463054187192
18:13:28.262000,-0.0244140625,170.2463054187192
18:13:28.263000,-0.0244140625,170.2463054187192
18:13:28.264000,-0.0240325927734375,170.2463054187192
18:13:28.264000,-0.0240325927734375,170.2463054187192
18:13:28.265000,-0.0244140625,170.2463054187192
18:13:28.265000,-0.0255584716796875,170.2463054187192
18:13:28.266000,-0.0240325927734375,170.2463054187192
18:13:28.266000,-0.023651123046875,170.2463054187192
18:13:28.267000,-0.023651123046875,170.2463054187192
18:13:28.267000,-0.0244140625,170.2463054187192
18:13:28.268000,-0.025177001953125,170.2463054187192
18:13:28.269000,-0.0240325927734375,170.2463054187192
18:13:28.269000,-0.0247955322265625,170.2463054187192
18:13:28.270000,-0.025177001953125,170.2463054187192
18:13:28.270000,-0.0247955322265625,170.2463054187192
18:13:28.428000,-0.0247955322265625,170.2463054187192
18:13:28.429000,-0.0244140625,170.2463054187192
18:13:28.430000,-0.025177001953125,170.2463054187192
18:13:28.431000,-0.0247955322265625,170.2463054187192
18:13:28.432000,-0.0240325927734375,170.2463054187192
18:13:28.433000,-0.02288818359375,170.2463054187192
18:13:28.433000,-0.02288818359375,170.2463054187192
18:13:28.434000,-0.0247955322265625,170.2463054187192
18:13:28.435000,-0.0244140625,170.2463054187192
18:13:28.436000,-0.0247955322265625,170.2463054187192
18:13:28.436000,-0.023651123046875,170.2463054187192
18:13:28.437000,-0.0240325927734375,170.2463054187192
18:13:28.438000,-0.0244140625,170.2463054187192
18:13:28.438000,-0.0244140625,170.2463054187192
18:13:28.439000,-0.0244140625,170.2463054187192
18:13:28.439000,-0.0240325927734375,170.2463054187192
18:13:28.498000,-0.0244140625,170.2463054187192
18:13:28.499000,-0.0247955322265625,170.2463054187192
18:13:28.500000,-0.0244140625,170.2463054187192
18:13:28.500000,-0.0244140625,170.2463054187192
18:13:28.501000,-0.0240325927734375,170.2463054187192
18:13:28.502000,-0.0247955322265625,170.2463054187192
18:13:28.502000,-0.0247955322265625,170.2463054187192
18:13:28.503000,-0.0240325927734375,170.2463054187192
18:13:28.504000,-0.023651123046875,170.2463054187192
18:13:28.505000,-0.0247955322265625,170.2463054187192
18:13:28.506000,-0.0255584716796875,170.2463054187192
18:13:28.506000,-0.0244140625,170.2463054187192
18:13:28.507000,-0.023651123046875,170.2463054187192
18:13:28.508000,-0.023651123046875,170.2463054187192
18:13:28.508000,-0.0240325927734375,170.2463054187192
18:13:28.509000,-0.025177001953125,170.2463054187192
18:13:28.584000,-0.025177001953125,170.2463054187192
18:13:28.585000,-0.0255584716796875,170.2463054187192
18:13:28.586000,-0.0247955322265625,170.2463054187192
18:13:28.587000,-0.0240325927734375,170.2463054187192
18:13:28.588000,-0.023651123046875,170.2463054187192
18:13:28.588000,-0.0244140625,170.2463054187192
18:13:28.589000,-0.0247955322265625,170.2463054187192
18:13:28.589000,-0.0240325927734375,170.2463054187192
18:13:28.590000,-0.0240325927734375,170.2463054187192
18:13:28.590000,-0.023651123046875,170.2463054187192
18:13:28.591000,-0.0244140625,170.2463054187192
18:13:28.591000,-0.025177001953125,170.2463054187192
18:13:28.592000,-0.025177001953125,170.2463054187192
18:13:28.592000,-0.0247955322265625,170.2463054187192
18:13:28.593000,-0.025177001953125,170.2463054187192
18:13:28.593000,-0.025177001953125,170.2463054187192
18:13:28.714000,-0.0244140625,170.2463054187192
18:13:28.715000,-0.0247955322265625,170.2463054187192
18:13:28.715000,-0.0247955322265625,170.2463054187192
18:13:28.716000,-0.025177001953125,170.2463054187192
18:13:28.717000,-0.0255584716796875,170.2463054187192
18:13:28.717000,-0.025177001953125,170.2463054187192
18:13:28.718000,-0.0244140625,170.2463054187192
18:13:28.718000,-0.023651123046875,170.2463054187192
18:13:28.719000,-0.0240325927734375,170.2463054187192
18:13:28.720000,-0.025177001953125,170.2463054187192
18:13:28.721000,-0.0240325927734375,170.2463054187192
18:13:28.722000,-0.023651123046875,170.2463054187192
18:13:28.722000,-0.0232696533203125,170.2463054187192
18:13:28.723000,-0.0244140625,170.2463054187192
18:13:28.724000,-0.025177001953125,170.2463054187192
18:13:28.724000,-0.025177001953125,170.2463054187192
18:13:28.834000,-0.0240325927734375,170.2463054187192
18:13:28.835000,-0.02288818359375,170.2463054187192
18:13:28.837000,-0.022125244140625,170.2463054187192
18:13:28.837000,-0.02288818359375,170.2463054187192
18:13:28.838000,-0.0244140625,170.2463054187192
18:13:28.839000,-0.0263214111328125,170.2463054187192
18:13:28.840000,-0.0263214111328125,170.2463054187192
18:13:28.840000,-0.0255584716796875,170.2463054187192
18:13:28.841000,-0.025177001953125,170.2463054187192
18:13:28.841000,-0.025177001953125,170.2463054187192
18:13:28.842000,-0.0263214111328125,170.2463054187192
18:13:28.843000,-0.025177001953125,170.2463054187192
18:13:28.843000,-0.0244140625,170.2463054187192
18:13:28.844000,-0.0240325927734375,170.2463054187192
18:13:28.845000,-0.0255584716796875,170.2463054187192
18:13:28.845000,-0.0255584716796875,170.2463054187192
18:13:28.964000,-0.0247955322265625,170.2463054187192
18:13:28.965000,-0.0232696533203125,170.2463054187192
18:13:28.966000,-0.0240325927734375,170.2463054187192
18:13:28.967000,-0.0247955322265625,170.2463054187192
18:13:28.968000,-0.02593994140625,170.2463054187192
18:13:28.969000,-0.0255584716796875,170.2463054187192
18:13:28.970000,-0.0255584716796875,170.2463054187192
18:13:28.971000,-0.0247955322265625,170.2463054187192
18:13:28.972000,-0.0247955322265625,170.2463054187192
18:13:28.973000,-0.0240325927734375,170.2463054187192
18:13:28.974000,-0.025177001953125,170.2463054187192
18:13:28.974000,-0.025177001953125,170.2463054187192
18:13:28.975000,-0.0255584716796875,170.2463054187192
18:13:28.976000,-0.0247955322265625,170.2463054187192
18:13:28.976000,-0.0244140625,170.2463054187192
18:13:28.977000,-0.0255584716796875,170.2463054187192
18:13:29.089000,-0.0255584716796875,170.2463054187192
18:13:29.090000,-0.025177001953125,170.2463054187192
18:13:29.091000,-0.0244140625,170.2463054187192
18:13:29.092000,-0.023651123046875,170.2463054187192
18:13:29.093000,-0.0244140625,170.2463054187192
18:13:29.094000,-0.025177001953125,170.2463054187192
18:13:29.095000,-0.0247955322265625,170.2463054187192
18:13:29.095000,-0.0244140625,170.2463054187192
18:13:29.096000,-0.0244140625,170.2463054187192
18:13:29.097000,-0.0247955322265625,170.2463054187192
18:13:29.097000,-0.025177001953125,170.2463054187192
18:13:29.098000,-0.0255584716796875,170.2463054187192
18:13:29.098000,-0.0247955322265625,170.2463054187192
18:13:29.099000,-0.0247955322265625,170.2463054187192
18:13:29.100000,-0.025177001953125,170.2463054187192
18:13:29.100000,-0.025177001953125,170.2463054187192
18:13:29.209000,-0.0255584716796875,170.2463054187192
18:13:29.210000,-0.0240325927734375,170.2463054187192
18:13:29.212000,-0.0247955322265625,170.2463054187192
18:13:29.213000,-0.025177001953125,170.2463054187192
18:13:29.213000,-0.02593994140625,170.2463054187192
18:13:29.214000,-0.0247955322265625,170.2463054187192
18:13:29.215000,-0.0244140625,170.2463054187192
18:13:29.215000,-0.0240325927734375,170.2463054187192
18:13:29.216000,-0.025177001953125,170.2463054187192
18:13:29.217000,-0.0240325927734375,170.2463054187192
18:13:29.218000,-0.023651123046875,170.2463054187192
18:13:29.219000,-0.0240325927734375,170.2463054187192
18:13:29.220000,-0.025177001953125,170.2463054187192
18:13:29.221000,-0.025177001953125,170.2463054187192
18:13:29.222000,-0.023651123046875,170.2463054187192
18:13:29.223000,-0.0240325927734375,170.2463054187192
18:13:29.331000,-0.025177001953125,170.2463054187192
18:13:29.331000,-0.02593994140625,170.2463054187192
18:13:29.332000,-0.0247955322265625,170.2463054187192
18:13:29.333000,-0.0240325927734375,170.2463054187192
18:13:29.333000,-0.0232696533203125,170.2463054187192
18:13:29.334000,-0.0244140625,170.2463054187192
18:13:29.334000,-0.025177001953125,170.2463054187192
18:13:29.335000,-0.025177001953125,170.2463054187192
18:13:29.336000,-0.025177001953125,170.2463054187192
18:13:29.336000,-0.023651123046875,170.2463054187192
18:13:29.337000,-0.0217437744140625,170.2463054187192
18:13:29.337000,-0.0213623046875,170.2463054187192
18:13:29.338000,-0.02288818359375,170.2463054187192
18:13:29.339000,-0.0247955322265625,170.2463054187192
18:13:29.339000,-0.0247955322265625,170.2463054187192
18:13:29.340000,-0.0244140625,170.2463054187192
18:13:29.479000,-0.0240325927734375,159.60591133004928
18:13:29.480000,-0.0240325927734375,159.60591133004928
18:13:29.481000,-0.0244140625,159.60591133004928
18:13:29.481000,-0.0240325927734375,159.60591133004928
18:13:29.482000,-0.0247955322265625,159.60591133004928
18:13:29.483000,-0.0247955322265625,159.60591133004928
18:13:29.483000,-0.025177001953125,159.60591133004928
18:13:29.484000,-0.0240325927734375,159.60591133004928
18:13:29.484000,-0.0244140625,159.60591133004928
18:13:29.485000,-0.0247955322265625,159.60591133004928
18:13:29.485000,-0.0240325927734375,159.60591133004928
18:13:29.486000,-0.023651123046875,159.60591133004928
18:13:29.486000,-0.0247955322265625,159.60591133004928
18:13:29.487000,-0.0255584716796875,159.60591133004928
18:13:29.488000,-0.0255584716796875,159.60591133004928
18:13:29.489000,-0.023651123046875,159.60591133004928
18:13:29.589000,-0.0232696533203125,170.2463054187192
18:13:29.590000,-0.0232696533203125,170.2463054187192
18:13:29.590000,-0.0240325927734375,170.2463054187192
18:13:29.591000,-0.0244140625,170.2463054187192
18:13:29.592000,-0.0240325927734375,170.2463054187192
18:13:29.593000,-0.0240325927734375,170.2463054187192
18:13:29.593000,-0.0240325927734375,170.2463054187192
18:13:29.594000,-0.0244140625,170.2463054187192
18:13:29.594000,-0.0247955322265625,170.2463054187192
18:13:29.595000,-0.0240325927734375,170.2463054187192
18:13:29.595000,-0.0244140625,170.2463054187192
18:13:29.596000,-0.0247955322265625,170.2463054187192
18:13:29.596000,-0.025177001953125,170.2463054187192
18:13:29.597000,-0.02593994140625,170.2463054187192
18:13:29.598000,-0.025177001953125,170.2463054187192
18:13:29.598000,-0.0240325927734375,170.2463054187192
18:13:29.704000,-0.0244140625,170.2463054187192
18:13:29.705000,-0.0247955322265625,170.2463054187192
18:13:29.706000,-0.025177001953125,170.2463054187192
18:13:29.706000,-0.0244140625,170.2463054187192
18:13:29.707000,-0.0244140625,170.2463054187192
18:13:29.707000,-0.0247955322265625,170.2463054187192
18:13:29.708000,-0.025177001953125,170.2463054187192
18:13:29.709000,-0.0255584716796875,170.2463054187192
18:13:29.709000,-0.0244140625,170.2463054187192
18:13:29.710000,-0.0240325927734375,170.2463054187192
18:13:29.710000,-0.0244140625,170.2463054187192
18:13:29.711000,-0.0244140625,170.2463054187192
18:13:29.712000,-0.0244140625,170.2463054187192
18:13:29.712000,-0.023651123046875,170.2463054187192
18:13:29.713000,-0.0244140625,170.2463054187192
18:13:29.713000,-0.0247955322265625,170.2463054187192
18:13:29.839000,-0.0244140625,170.2463054187192
18:13:29.840000,-0.0247955322265625,170.2463054187192
18:13:29.841000,-0.0247955322265625,170.2463054187192
18:13:29.841000,-0.025177001953125,170.2463054187192
18:13:29.842000,-0.0255584716796875,170.2463054187192
18:13:29.843000,-0.0247955322265625,170.2463054187192
18:13:29.843000,-0.0244140625,170.2463054187192
18:13:29.844000,-0.0255584716796875,170.2463054187192
18:13:29.844000,-0.02593994140625,170.2463054187192
18:13:29.845000,-0.0255584716796875,170.2463054187192
18:13:29.845000,-0.0247955322265625,170.2463054187192
18:13:29.846000,-0.025177001953125,170.2463054187192
18:13:29.847000,-0.0255584716796875,170.2463054187192
18:13:29.847000,-0.0255584716796875,170.2463054187192
18:13:29.848000,-0.0255584716796875,170.2463054187192
18:13:29.849000,-0.025177001953125,170.2463054187192
18:13:29.959000,-0.0244140625,170.2463054187192
18:13:29.960000,-0.0244140625,170.2463054187192
18:13:29.961000,-0.025177001953125,170.2463054187192
18:13:29.962000,-0.0247955322265625,170.2463054187192
18:13:29.962000,-0.0247955322265625,170.2463054187192
18:13:29.963000,-0.0240325927734375,170.2463054187192
18:13:29.963000,-0.0240325927734375,170.2463054187192
18:13:29.964000,-0.025177001953125,170.2463054187192
18:13:29.965000,-0.026702880859375,170.2463054187192
18:13:29.966000,-0.02593994140625,170.2463054187192
18:13:29.966000,-0.025177001953125,170.2463054187192
18:13:29.967000,-0.0240325927734375,170.2463054187192
18:13:29.968000,-0.0244140625,170.2463054187192
18:13:29.968000,-0.0240325927734375,170.2463054187192
18:13:29.969000,-0.0240325927734375,170.2463054187192
18:13:29.970000,-0.0232696533203125,170.2463054187192
18:13:30.079000,-0.0240325927734375,170.2463054187192
18:13:30.080000,-0.0240325927734375,170.2463054187192
18:13:30.081000,-0.0240325927734375,170.2463054187192
18:13:30.082000,-0.023651123046875,170.2463054187192
18:13:30.082000,-0.023651123046875,170.2463054187192
18:13:30.083000,-0.0240325927734375,170.2463054187192
18:13:30.084000,-0.0244140625,170.2463054187192
18:13:30.084000,-0.0247955322265625,170.2463054187192
18:13:30.085000,-0.0240325927734375,170.2463054187192
18:13:30.086000,-0.0244140625,170.2463054187192
18:13:30.088000,-0.0244140625,170.2463054187192
18:13:30.088000,-0.0244140625,170.2463054187192
18:13:30.089000,-0.023651123046875,170.2463054187192
18:13:30.090000,-0.0244140625,170.2463054187192
18:13:30.090000,-0.025177001953125,170.2463054187192
18:13:30.091000,-0.02593994140625,170.2463054187192
18:13:30.215000,-0.0244140625,170.2463054187192
18:13:30.216000,-0.02288818359375,170.2463054187192
18:13:30.217000,-0.02288818359375,170.2463054187192
18:13:30.217000,-0.023651123046875,170.2463054187192
18:13:30.218000,-0.0247955322265625,170.2463054187192
18:13:30.219000,-0.0244140625,170.2463054187192
18:13:30.220000,-0.0240325927734375,170.2463054187192
18:13:30.220000,-0.0244140625,170.2463054187192
18:13:30.221000,-0.0244140625,170.2463054187192
18:13:30.222000,-0.0247955322265625,170.2463054187192
18:13:30.222000,-0.0244140625,170.2463054187192
18:13:30.223000,-0.0247955322265625,170.2463054187192
18:13:30.224000,-0.02593994140625,170.2463054187192
18:13:30.225000,-0.02593994140625,170.2463054187192
18:13:30.225000,-0.0255584716796875,170.2463054187192
18:13:30.226000,-0.0240325927734375,170.2463054187192
18:13:30.334000,-0.0244140625,170.24630541871923
18:13:30.336000,-0.0255584716796875,170.24630541871923
18:13:30.337000,-0.0263214111328125,170.24630541871923
18:13:30.337000,-0.02593994140625,170.24630541871923
18:13:30.338000,-0.025177001953125,170.24630541871923
18:13:30.339000,-0.0244140625,170.24630541871923
18:13:30.339000,-0.0244140625,170.24630541871923
18:13:30.340000,-0.0240325927734375,170.24630541871923
18:13:30.341000,-0.0244140625,170.24630541871923
18:13:30.341000,-0.0244140625,170.24630541871923
18:13:30.342000,-0.0244140625,170.24630541871923
18:13:30.343000,-0.0247955322265625,170.24630541871923
18:13:30.343000,-0.0247955322265625,170.24630541871923
18:13:30.344000,-0.0240325927734375,170.24630541871923
18:13:30.345000,-0.0240325927734375,170.24630541871923
18:13:30.346000,-0.023651123046875,170.24630541871923
18:13:30.458000,-0.0244140625,159.60591133004928
18:13:30.459000,-0.025177001953125,159.60591133004928
18:13:30.461000,-0.0244140625,159.60591133004928
18:13:30.462000,-0.0247955322265625,159.60591133004928
18:13:30.463000,-0.0232696533203125,159.60591133004928
18:13:30.464000,-0.02288818359375,159.60591133004928
18:13:30.465000,-0.02288818359375,159.60591133004928
18:13:30.465000,-0.0232696533203125,159.60591133004928
18:13:30.466000,-0.0244140625,159.60591133004928
18:13:30.466000,-0.0244140625,159.60591133004928
18:13:30.467000,-0.0240325927734375,159.60591133004928
18:13:30.468000,-0.0240325927734375,159.60591133004928
18:13:30.468000,-0.0244140625,159.60591133004928
18:13:30.469000,-0.0240325927734375,159.60591133004928
18:13:30.470000,-0.0247955322265625,159.60591133004928
18:13:30.471000,-0.0247955322265625,159.60591133004928
18:13:30.589000,-0.0244140625,159.60591133004928
18:13:30.591000,-0.0244140625,159.60591133004928
18:13:30.592000,-0.0244140625,159.60591133004928
18:13:30.593000,-0.0255584716796875,159.60591133004928
18:13:30.594000,-0.0255584716796875,159.60591133004928
18:13:30.594000,-0.025177001953125,159.60591133004928
18:13:30.595000,-0.025177001953125,159.60591133004928
18:13:30.596000,-0.0247955322265625,159.60591133004928
18:13:30.596000,-0.0247955322265625,159.60591133004928
18:13:30.597000,-0.0244140625,159.60591133004928
18:13:30.597000,-0.0232696533203125,159.60591133004928
18:13:30.598000,-0.0240325927734375,159.60591133004928
18:13:30.599000,-0.0240325927734375,159.60591133004928
18:13:30.600000,-0.023651123046875,159.60591133004928
18:13:30.600000,-0.0240325927734375,159.60591133004928
18:13:30.601000,-0.0240325927734375,159.60591133004928
18:13:30.709000,-0.023651123046875,159.60591133004928
18:13:30.710000,-0.023651123046875,159.60591133004928
18:13:30.711000,-0.0240325927734375,159.60591133004928
18:13:30.711000,-0.0255584716796875,159.60591133004928
18:13:30.712000,-0.025177001953125,159.60591133004928
18:13:30.713000,-0.025177001953125,159.60591133004928
18:13:30.714000,-0.0240325927734375,159.60591133004928
18:13:30.714000,-0.0240325927734375,159.60591133004928
18:13:30.715000,-0.0255584716796875,159.60591133004928
18:13:30.716000,-0.02593994140625,159.60591133004928
18:13:30.716000,-0.02593994140625,159.60591133004928
18:13:30.717000,-0.0244140625,159.60591133004928
18:13:30.718000,-0.0240325927734375,159.60591133004928
18:13:30.718000,-0.025177001953125,159.60591133004928
18:13:30.719000,-0.0255584716796875,159.60591133004928
18:13:30.720000,-0.0255584716796875,159.60591133004928
18:13:30.830000,-0.0244140625,159.60591133004928
18:13:30.831000,-0.0232696533203125,159.60591133004928
18:13:30.832000,-0.023651123046875,159.60591133004928
18:13:30.832000,-0.0232696533203125,159.60591133004928
18:13:30.833000,-0.0232696533203125,159.60591133004928
18:13:30.834000,-0.023651123046875,159.60591133004928
18:13:30.834000,-0.0244140625,159.60591133004928
18:13:30.835000,-0.0247955322265625,159.60591133004928
18:13:30.835000,-0.0240325927734375,159.60591133004928
18:13:30.836000,-0.0244140625,159.60591133004928
18:13:30.837000,-0.025177001953125,159.60591133004928
18:13:30.837000,-0.0255584716796875,159.60591133004928
18:13:30.838000,-0.0247955322265625,159.60591133004928
18:13:30.839000,-0.02288818359375,159.60591133004928
18:13:30.840000,-0.02288818359375,159.60591133004928
18:13:30.840000,-0.0232696533203125,159.60591133004928
18:13:30.964000,-0.023651123046875,159.60591133004928
18:13:30.965000,-0.0240325927734375,159.60591133004928
18:13:30.966000,-0.0244140625,159.60591133004928
18:13:30.967000,-0.0247955322265625,159.60591133004928
18:13:30.968000,-0.0244140625,159.60591133004928
18:13:30.970000,-0.023651123046875,159.60591133004928
18:13:30.970000,-0.0232696533203125,159.60591133004928
18:13:30.971000,-0.023651123046875,159.60591133004928
18:13:30.972000,-0.0244140625,159.60591133004928
18:13:30.973000,-0.023651123046875,159.60591133004928
18:13:30.973000,-0.0240325927734375,159.60591133004928
18:13:30.974000,-0.023651123046875,159.60591133004928
18:13:30.975000,-0.0232696533203125,159.60591133004928
18:13:30.975000,-0.0240325927734375,159.60591133004928
18:13:30.976000,-0.023651123046875,159.60591133004928
18:13:30.976000,-0.0247955322265625,159.60591133004928
18:13:31.084000,-0.0240325927734375,159.60591133004928
18:13:31.085000,-0.023651123046875,159.60591133004928
18:13:31.086000,-0.0232696533203125,159.60591133004928
18:13:31.086000,-0.0240325927734375,159.60591133004928
18:13:31.087000,-0.0247955322265625,159.60591133004928
18:13:31.088000,-0.0247955322265625,159.60591133004928
18:13:31.088000,-0.0244140625,159.60591133004928
18:13:31.089000,-0.0240325927734375,159.60591133004928
18:13:31.089000,-0.0244140625,159.60591133004928
18:13:31.090000,-0.0247955322265625,159.60591133004928
18:13:31.090000,-0.0240325927734375,159.60591133004928
18:13:31.091000,-0.023651123046875,159.60591133004928
18:13:31.092000,-0.023651123046875,159.60591133004928
18:13:31.092000,-0.0247955322265625,159.60591133004928
18:13:31.093000,-0.023651123046875,159.60591133004928
18:13:31.093000,-0.023651123046875,159.60591133004928
18:13:31.204000,-0.0232696533203125,159.60591133004928
18:13:31.205000,-0.0244140625,159.60591133004928
18:13:31.206000,-0.0244140625,159.60591133004928
18:13:31.207000,-0.0240325927734375,159.60591133004928
18:13:31.208000,-0.0232696533203125,159.60591133004928
18:13:31.209000,-0.0232696533203125,159.60591133004928
18:13:31.210000,-0.023651123046875,159.60591133004928
18:13:31.211000,-0.0244140625,159.60591133004928
18:13:31.212000,-0.023651123046875,159.60591133004928
18:13:31.213000,-0.023651123046875,159.60591133004928
18:13:31.214000,-0.023651123046875,159.60591133004928
18:13:31.215000,-0.0240325927734375,159.60591133004928
18:13:31.216000,-0.023651123046875,159.60591133004928
18:13:31.216000,-0.0240325927734375,159.60591133004928
18:13:31.217000,-0.0240325927734375,159.60591133004928
18:13:31.218000,-0.0232696533203125,159.60591133004928
18:13:31.343000,-0.0232696533203125,170.2463054187192
18:13:31.344000,-0.0240325927734375,170.2463054187192
18:13:31.345000,-0.0240325927734375,170.2463054187192
18:13:31.346000,-0.0247955322265625,170.2463054187192
18:13:31.347000,-0.0244140625,170.2463054187192
18:13:31.347000,-0.0240325927734375,170.2463054187192
18:13:31.348000,-0.023651123046875,170.2463054187192
18:13:31.348000,-0.023651123046875,170.2463054187192
18:13:31.349000,-0.023651123046875,170.2463054187192
18:13:31.350000,-0.0247955322265625,170.2463054187192
18:13:31.351000,-0.0244140625,170.2463054187192
18:13:31.352000,-0.0247955322265625,170.2463054187192
18:13:31.353000,-0.023651123046875,170.2463054187192
18:13:31.353000,-0.023651123046875,170.2463054187192
18:13:31.354000,-0.0247955322265625,170.2463054187192
18:13:31.355000,-0.0255584716796875,170.2463054187192
18:13:31.459000,-0.0255584716796875,170.2463054187192
18:13:31.460000,-0.025177001953125,170.2463054187192
18:13:31.460000,-0.0247955322265625,170.2463054187192
18:13:31.461000,-0.0244140625,170.2463054187192
18:13:31.462000,-0.0240325927734375,170.2463054187192
18:13:31.462000,-0.0244140625,170.2463054187192
18:13:31.463000,-0.025177001953125,170.2463054187192
18:13:31.464000,-0.0247955322265625,170.2463054187192
18:13:31.465000,-0.0247955322265625,170.2463054187192
18:13:31.466000,-0.0240325927734375,170.2463054187192
18:13:31.467000,-0.023651123046875,170.2463054187192
18:13:31.468000,-0.023651123046875,170.2463054187192
18:13:31.468000,-0.0247955322265625,170.2463054187192
18:13:31.469000,-0.0255584716796875,170.2463054187192
18:13:31.470000,-0.0255584716796875,170.2463054187192
18:13:31.470000,-0.025177001953125,170.2463054187192
18:13:31.584000,-0.0244140625,170.24630541871923
18:13:31.585000,-0.0244140625,170.24630541871923
18:13:31.586000,-0.0244140625,170.24630541871923
18:13:31.586000,-0.0240325927734375,170.24630541871923
18:13:31.587000,-0.0240325927734375,170.24630541871923
18:13:31.588000,-0.023651123046875,170.24630541871923
18:13:31.588000,-0.0244140625,170.24630541871923
18:13:31.589000,-0.0244140625,170.24630541871923
18:13:31.589000,-0.0244140625,170.24630541871923
18:13:31.590000,-0.0240325927734375,170.24630541871923
18:13:31.590000,-0.0232696533203125,170.24630541871923
18:13:31.591000,-0.0225067138671875,170.24630541871923
18:13:31.592000,-0.02288818359375,170.24630541871923
18:13:31.592000,-0.023651123046875,170.24630541871923
18:13:31.593000,-0.023651123046875,170.24630541871923
18:13:31.593000,-0.0232696533203125,170.24630541871923
18:13:31.714000,-0.023651123046875,170.24630541871923
18:13:31.716000,-0.0240325927734375,170.24630541871923
18:13:31.717000,-0.0244140625,170.24630541871923
18:13:31.718000,-0.025177001953125,170.24630541871923
18:13:31.719000,-0.025177001953125,170.24630541871923
18:13:31.720000,-0.0240325927734375,170.24630541871923
18:13:31.721000,-0.0232696533203125,170.24630541871923
18:13:31.721000,-0.023651123046875,170.24630541871923
18:13:31.722000,-0.0247955322265625,170.24630541871923
18:13:31.722000,-0.0247955322265625,170.24630541871923
18:13:31.723000,-0.0244140625,170.24630541871923
18:13:31.724000,-0.023651123046875,170.24630541871923
18:13:31.724000,-0.02288818359375,170.24630541871923
18:13:31.725000,-0.02288818359375,170.24630541871923
18:13:31.725000,-0.0240325927734375,170.24630541871923
18:13:31.726000,-0.023651123046875,170.24630541871923
18:13:31.834000,-0.0244140625,170.24630541871923
18:13:31.836000,-0.0240325927734375,170.24630541871923
18:13:31.836000,-0.0244140625,170.24630541871923
18:13:31.837000,-0.0244140625,170.24630541871923
18:13:31.838000,-0.0240325927734375,170.24630541871923
18:13:31.839000,-0.0240325927734375,170.24630541871923
18:13:31.840000,-0.0240325927734375,170.24630541871923
18:13:31.840000,-0.025177001953125,170.24630541871923
18:13:31.841000,-0.025177001953125,170.24630541871923
18:13:31.842000,-0.025177001953125,170.24630541871923
18:13:31.843000,-0.0247955322265625,170.24630541871923
18:13:31.843000,-0.025177001953125,170.24630541871923
18:13:31.844000,-0.02593994140625,170.24630541871923
18:13:31.844000,-0.0255584716796875,170.24630541871923
18:13:31.845000,-0.0255584716796875,170.24630541871923
18:13:31.845000,-0.0255584716796875,170.24630541871923
18:13:31.955000,-0.0263214111328125,170.24630541871923
18:13:31.956000,-0.02593994140625,170.24630541871923
18:13:31.957000,-0.02593994140625,170.24630541871923
18:13:31.958000,-0.025177001953125,170.24630541871923
18:13:31.958000,-0.02593994140625,170.24630541871923
18:13:31.959000,-0.0255584716796875,170.24630541871923
18:13:31.960000,-0.0247955322265625,170.24630541871923
18:13:31.960000,-0.0247955322265625,170.24630541871923
18:13:31.961000,-0.0247955322265625,170.24630541871923
18:13:31.961000,-0.0247955322265625,170.24630541871923
18:13:31.962000,-0.0255584716796875,170.24630541871923
18:13:31.963000,-0.0244140625,170.24630541871923
18:13:31.963000,-0.0244140625,170.24630541871923
18:13:31.964000,-0.0240325927734375,170.24630541871923
18:13:31.964000,-0.023651123046875,170.24630541871923
18:13:31.965000,-0.0244140625,170.24630541871923
18:13:32.089000,-0.0247955322265625,170.24630541871923
18:13:32.089000,-0.0244140625,170.24630541871923
18:13:32.090000,-0.0240325927734375,170.24630541871923
18:13:32.091000,-0.023651123046875,170.24630541871923
18:13:32.091000,-0.02288818359375,170.24630541871923
18:13:32.092000,-0.023651123046875,170.24630541871923
18:13:32.093000,-0.0240325927734375,170.24630541871923
18:13:32.094000,-0.0247955322265625,170.24630541871923
18:13:32.095000,-0.0247955322265625,170.24630541871923
18:13:32.095000,-0.0240325927734375,170.24630541871923
18:13:32.096000,-0.0240325927734375,170.24630541871923
18:13:32.096000,-0.0240325927734375,170.24630541871923
18:13:32.097000,-0.0240325927734375,170.24630541871923
18:13:32.098000,-0.0244140625,170.24630541871923
18:13:32.098000,-0.0240325927734375,170.24630541871923
18:13:32.099000,-0.0244140625,170.24630541871923
18:13:32.209000,-0.0240325927734375,170.24630541871923
18:13:32.210000,-0.023651123046875,170.24630541871923
18:13:32.211000,-0.0232696533203125,170.24630541871923
18:13:32.212000,-0.025177001953125,170.24630541871923
18:13:32.213000,-0.02593994140625,170.24630541871923
18:13:32.214000,-0.0255584716796875,170.24630541871923
18:13:32.215000,-0.0244140625,170.24630541871923
18:13:32.216000,-0.0244140625,170.24630541871923
18:13:32.216000,-0.025177001953125,170.24630541871923
18:13:32.217000,-0.0263214111328125,170.24630541871923
18:13:32.218000,-0.0263214111328125,170.24630541871923
18:13:32.218000,-0.0247955322265625,170.24630541871923
18:13:32.219000,-0.0247955322265625,170.24630541871923
18:13:32.219000,-0.025177001953125,170.24630541871923
18:13:32.220000,-0.0255584716796875,170.24630541871923
18:13:32.220000,-0.0255584716796875,170.24630541871923
18:13:32.329000,-0.02593994140625,170.24630541871923
18:13:32.330000,-0.0255584716796875,170.24630541871923
18:13:32.331000,-0.0247955322265625,170.24630541871923
18:13:32.332000,-0.0247955322265625,170.24630541871923
18:13:32.332000,-0.025177001953125,170.24630541871923
18:13:32.333000,-0.025177001953125,170.24630541871923
18:13:32.334000,-0.0244140625,170.24630541871923
18:13:32.335000,-0.0247955322265625,170.24630541871923
18:13:32.336000,-0.0247955322265625,170.24630541871923
18:13:32.336000,-0.0263214111328125,170.24630541871923
18:13:32.337000,-0.025177001953125,170.24630541871923
18:13:32.337000,-0.0240325927734375,170.24630541871923
18:13:32.338000,-0.0232696533203125,170.24630541871923
18:13:32.339000,-0.0244140625,170.24630541871923
18:13:32.339000,-0.025177001953125,170.24630541871923
18:13:32.340000,-0.0247955322265625,170.24630541871923
18:13:32.464000,-0.0232696533203125,170.24630541871923
18:13:32.465000,-0.0232696533203125,170.24630541871923
18:13:32.466000,-0.0247955322265625,170.24630541871923
18:13:32.466000,-0.0255584716796875,170.24630541871923
18:13:32.467000,-0.0255584716796875,170.24630541871923
18:13:32.468000,-0.0240325927734375,170.24630541871923
18:13:32.468000,-0.0240325927734375,170.24630541871923
18:13:32.469000,-0.0244140625,170.24630541871923
18:13:32.470000,-0.025177001953125,170.24630541871923
18:13:32.470000,-0.0244140625,170.24630541871923
18:13:32.471000,-0.0240325927734375,170.24630541871923
18:13:32.471000,-0.0240325927734375,170.24630541871923
18:13:32.472000,-0.0247955322265625,170.24630541871923
18:13:32.472000,-0.0247955322265625,170.24630541871923
18:13:32.473000,-0.0244140625,170.24630541871923
18:13:32.473000,-0.0247955322265625,170.24630541871923
18:13:32.584000,-0.0244140625,170.24630541871923
18:13:32.585000,-0.0244140625,170.24630541871923
18:13:32.586000,-0.0247955322265625,170.24630541871923
18:13:32.587000,-0.0247955322265625,170.24630541871923
18:13:32.587000,-0.0247955322265625,170.24630541871923
18:13:32.588000,-0.0244140625,170.24630541871923
18:13:32.588000,-0.0247955322265625,170.24630541871923
18:13:32.589000,-0.0255584716796875,170.24630541871923
18:13:32.590000,-0.0247955322265625,170.24630541871923
18:13:32.590000,-0.0240325927734375,170.24630541871923
18:13:32.591000,-0.0225067138671875,170.24630541871923
18:13:32.592000,-0.0232696533203125,170.24630541871923
18:13:32.592000,-0.0244140625,170.24630541871923
18:13:32.593000,-0.0255584716796875,170.24630541871923
18:13:32.593000,-0.023651123046875,170.24630541871923
18:13:32.594000,-0.023651123046875,170.24630541871923
18:13:32.705000,-0.0232696533203125,170.24630541871923
18:13:32.706000,-0.025177001953125,170.24630541871923
18:13:32.707000,-0.0255584716796875,170.24630541871923
18:13:32.707000,-0.025177001953125,170.24630541871923
18:13:32.708000,-0.0244140625,170.24630541871923
18:13:32.709000,-0.023651123046875,170.24630541871923
18:13:32.710000,-0.0244140625,170.24630541871923
18:13:32.710000,-0.0255584716796875,170.24630541871923
18:13:32.711000,-0.0255584716796875,170.24630541871923
18:13:32.711000,-0.025177001953125,170.24630541871923
18:13:32.712000,-0.0244140625,170.24630541871923
18:13:32.712000,-0.0240325927734375,170.24630541871923
18:13:32.713000,-0.0255584716796875,170.24630541871923
18:13:32.713000,-0.02593994140625,170.24630541871923
18:13:32.714000,-0.0263214111328125,170.24630541871923
18:13:32.714000,-0.02593994140625,170.24630541871923
18:13:32.842000,-0.025177001953125,170.24630541871923
18:13:32.843000,-0.0240325927734375,170.24630541871923
18:13:32.843000,-0.0240325927734375,170.24630541871923
18:13:32.844000,-0.0247955322265625,170.24630541871923
18:13:32.845000,-0.0255584716796875,170.24630541871923
18:13:32.845000,-0.0247955322265625,170.24630541871923
18:13:32.846000,-0.0244140625,170.24630541871923
18:13:32.847000,-0.0244140625,170.24630541871923
18:13:32.848000,-0.0255584716796875,170.24630541871923
18:13:32.848000,-0.026702880859375,170.24630541871923
18:13:32.849000,-0.0263214111328125,170.24630541871923
18:13:32.849000,-0.025177001953125,170.24630541871923
18:13:32.850000,-0.025177001953125,170.24630541871923
18:13:32.850000,-0.0255584716796875,170.24630541871923
18:13:32.851000,-0.02593994140625,170.24630541871923
18:13:32.851000,-0.02593994140625,170.24630541871923
18:13:32.959000,-0.02593994140625,170.24630541871923
18:13:32.960000,-0.0244140625,170.24630541871923
18:13:32.961000,-0.0240325927734375,170.24630541871923
18:13:32.962000,-0.0244140625,170.24630541871923
18:13:32.963000,-0.0247955322265625,170.24630541871923
18:13:32.964000,-0.0244140625,170.24630541871923
18:13:32.965000,-0.023651123046875,170.24630541871923
18:13:32.965000,-0.023651123046875,170.24630541871923
18:13:32.966000,-0.0244140625,170.24630541871923
18:13:32.967000,-0.025177001953125,170.24630541871923
18:13:32.967000,-0.0247955322265625,170.24630541871923
18:13:32.968000,-0.0232696533203125,170.24630541871923
18:13:32.968000,-0.02288818359375,170.24630541871923
18:13:32.969000,-0.0244140625,170.24630541871923
18:13:32.969000,-0.025177001953125,170.24630541871923
18:13:32.970000,-0.0244140625,170.24630541871923
18:13:33.081000,-0.0232696533203125,170.24630541871923
18:13:33.082000,-0.023651123046875,170.24630541871923
18:13:33.082000,-0.02288818359375,170.24630541871923
18:13:33.083000,-0.0244140625,170.24630541871923
18:13:33.084000,-0.0244140625,170.24630541871923
18:13:33.085000,-0.025177001953125,170.24630541871923
18:13:33.085000,-0.0244140625,170.24630541871923
18:13:33.086000,-0.0244140625,170.24630541871923
18:13:33.087000,-0.0244140625,170.24630541871923
18:13:33.087000,-0.025177001953125,170.24630541871923
18:13:33.088000,-0.0247955322265625,170.24630541871923
18:13:33.089000,-0.0247955322265625,170.24630541871923
18:13:33.089000,-0.0244140625,170.24630541871923
18:13:33.090000,-0.0240325927734375,170.24630541871923
18:13:33.090000,-0.023651123046875,170.24630541871923
18:13:33.091000,-0.0244140625,170.24630541871923
18:13:33.214000,-0.0244140625,170.24630541871923
18:13:33.215000,-0.0247955322265625,170.24630541871923
18:13:33.216000,-0.0240325927734375,170.24630541871923
18:13:33.217000,-0.0232696533203125,170.24630541871923
18:13:33.218000,-0.0232696533203125,170.24630541871923
18:13:33.218000,-0.0232696533203125,170.24630541871923
18:13:33.219000,-0.0247955322265625,170.24630541871923
18:13:33.220000,-0.025177001953125,170.24630541871923
18:13:33.220000,-0.025177001953125,170.24630541871923
18:13:33.221000,-0.0247955322265625,170.24630541871923
18:13:33.222000,-0.0247955322265625,170.24630541871923
18:13:33.223000,-0.0247955322265625,170.24630541871923
18:13:33.224000,-0.0247955322265625,170.24630541871923
18:13:33.225000,-0.0247955322265625,170.24630541871923
18:13:33.226000,-0.0247955322265625,170.24630541871923
18:13:33.226000,-0.0247955322265625,170.24630541871923
18:13:33.334000,-0.0247955322265625,159.60591133004928
18:13:33.336000,-0.0244140625,159.60591133004928
18:13:33.337000,-0.0240325927734375,159.60591133004928
18:13:33.338000,-0.0247955322265625,159.60591133004928
18:13:33.340000,-0.025177001953125,159.60591133004928
18:13:33.341000,-0.0263214111328125,159.60591133004928
18:13:33.342000,-0.02593994140625,159.60591133004928
18:13:33.343000,-0.02593994140625,159.60591133004928
18:13:33.344000,-0.025177001953125,159.60591133004928
18:13:33.345000,-0.0244140625,159.60591133004928
18:13:33.346000,-0.0244140625,159.60591133004928
18:13:33.347000,-0.0247955322265625,159.60591133004928
18:13:33.348000,-0.0247955322265625,159.60591133004928
18:13:33.348000,-0.0244140625,159.60591133004928
18:13:33.349000,-0.0244140625,159.60591133004928
18:13:33.350000,-0.0247955322265625,159.60591133004928
18:13:33.456000,-0.0247955322265625,159.60591133004928
18:13:33.457000,-0.0247955322265625,159.60591133004928
18:13:33.458000,-0.025177001953125,159.60591133004928
18:13:33.459000,-0.0255584716796875,159.60591133004928
18:13:33.460000,-0.0255584716796875,159.60591133004928
18:13:33.460000,-0.0244140625,159.60591133004928
18:13:33.461000,-0.0247955322265625,159.60591133004928
18:13:33.462000,-0.0240325927734375,159.60591133004928
18:13:33.463000,-0.025177001953125,159.60591133004928
18:13:33.463000,-0.0247955322265625,159.60591133004928
18:13:33.464000,-0.025177001953125,159.60591133004928
18:13:33.464000,-0.0247955322265625,159.60591133004928
18:13:33.465000,-0.0247955322265625,159.60591133004928
18:13:33.466000,-0.0244140625,159.60591133004928
18:13:33.466000,-0.0244140625,159.60591133004928
18:13:33.467000,-0.0247955322265625,159.60591133004928
18:13:33.589000,-0.025177001953125,159.60591133004928
18:13:33.590000,-0.0240325927734375,159.60591133004928
18:13:33.591000,-0.02288818359375,159.60591133004928
18:13:33.592000,-0.02288818359375,159.60591133004928
18:13:33.593000,-0.0240325927734375,159.60591133004928
18:13:33.594000,-0.0247955322265625,159.60591133004928
18:13:33.595000,-0.0244140625,159.60591133004928
18:13:33.596000,-0.0244140625,159.60591133004928
18:13:33.596000,-0.0244140625,159.60591133004928
18:13:33.597000,-0.023651123046875,159.60591133004928
18:13:33.598000,-0.0244140625,159.60591133004928
18:13:33.598000,-0.0240325927734375,159.60591133004928
18:13:33.599000,-0.0247955322265625,159.60591133004928
18:13:33.599000,-0.0244140625,159.60591133004928
18:13:33.600000,-0.0244140625,159.60591133004928
18:13:33.600000,-0.0244140625,159.60591133004928
18:13:33.709000,-0.0244140625,159.60591133004928
18:13:33.710000,-0.0240325927734375,159.60591133004928
18:13:33.711000,-0.0244140625,159.60591133004928
18:13:33.712000,-0.0247955322265625,159.60591133004928
18:13:33.713000,-0.025177001953125,159.60591133004928
18:13:33.713000,-0.025177001953125,159.60591133004928
18:13:33.714000,-0.025177001953125,159.60591133004928
18:13:33.715000,-0.023651123046875,159.60591133004928
18:13:33.716000,-0.0240325927734375,159.60591133004928
18:13:33.716000,-0.0240325927734375,159.60591133004928
18:13:33.717000,-0.0244140625,159.60591133004928
18:13:33.718000,-0.0244140625,159.60591133004928
18:13:33.718000,-0.0240325927734375,159.60591133004928
18:13:33.719000,-0.0247955322265625,159.60591133004928
18:13:33.720000,-0.0255584716796875,159.60591133004928
18:13:33.721000,-0.02593994140625,159.60591133004928
18:13:33.834000,-0.0255584716796875,159.60591133004928
18:13:33.835000,-0.0255584716796875,159.60591133004928
18:13:33.835000,-0.025177001953125,159.60591133004928
18:13:33.836000,-0.025177001953125,159.60591133004928
18:13:33.837000,-0.025177001953125,159.60591133004928
18:13:33.838000,-0.0247955322265625,159.60591133004928
18:13:33.838000,-0.0244140625,159.60591133004928
18:13:33.839000,-0.0240325927734375,159.60591133004928
18:13:33.839000,-0.02288818359375,159.60591133004928
18:13:33.840000,-0.022125244140625,159.60591133004928
18:13:33.840000,-0.0232696533203125,159.60591133004928
18:13:33.841000,-0.025177001953125,159.60591133004928
18:13:33.842000,-0.02593994140625,159.60591133004928
18:13:33.842000,-0.0263214111328125,159.60591133004928
18:13:33.843000,-0.0244140625,159.60591133004928
18:13:33.843000,-0.023651123046875,159.60591133004928
18:13:33.966000,-0.0244140625,159.60591133004928
18:13:33.967000,-0.025177001953125,159.60591133004928
18:13:33.968000,-0.025177001953125,159.60591133004928
18:13:33.968000,-0.0240325927734375,159.60591133004928
18:13:33.969000,-0.0240325927734375,159.60591133004928
18:13:33.970000,-0.025177001953125,159.60591133004928
18:13:33.970000,-0.025177001953125,159.60591133004928
18:13:33.971000,-0.0247955322265625,159.60591133004928
18:13:33.972000,-0.0240325927734375,159.60591133004928
18:13:33.972000,-0.023651123046875,159.60591133004928
18:13:33.973000,-0.0247955322265625,159.60591133004928
18:13:33.973000,-0.0240325927734375,159.60591133004928
18:13:33.974000,-0.0240325927734375,159.60591133004928
18:13:33.974000,-0.0232696533203125,159.60591133004928
18:13:33.975000,-0.0232696533203125,159.60591133004928
18:13:33.975000,-0.0244140625,159.60591133004928
18:13:34.084000,-0.0240325927734375,159.60591133004928
18:13:34.086000,-0.023651123046875,159.60591133004928
18:13:34.086000,-0.0240325927734375,159.60591133004928
18:13:34.087000,-0.023651123046875,159.60591133004928
18:13:34.088000,-0.0240325927734375,159.60591133004928
18:13:34.088000,-0.0240325927734375,159.60591133004928
18:13:34.089000,-0.023651123046875,159.60591133004928
18:13:34.089000,-0.023651123046875,159.60591133004928
18:13:34.090000,-0.023651123046875,159.60591133004928
18:13:34.091000,-0.0240325927734375,159.60591133004928
18:13:34.091000,-0.0244140625,159.60591133004928
18:13:34.092000,-0.0244140625,159.60591133004928
18:13:34.092000,-0.023651123046875,159.60591133004928
18:13:34.093000,-0.0232696533203125,159.60591133004928
18:13:34.093000,-0.0240325927734375,159.60591133004928
18:13:34.094000,-0.023651123046875,159.60591133004928
18:13:34.208000,-0.0244140625,159.60591133004928
18:13:34.209000,-0.0240325927734375,159.60591133004928
18:13:34.210000,-0.0247955322265625,159.60591133004928
18:13:34.211000,-0.0247955322265625,159.60591133004928
18:13:34.212000,-0.0247955322265625,159.60591133004928
18:13:34.212000,-0.0244140625,159.60591133004928
18:13:34.213000,-0.0240325927734375,159.60591133004928
18:13:34.214000,-0.0244140625,159.60591133004928
18:13:34.215000,-0.0247955322265625,159.60591133004928
18:13:34.216000,-0.0240325927734375,159.60591133004928
18:13:34.216000,-0.023651123046875,159.60591133004928
18:13:34.217000,-0.0232696533203125,159.60591133004928
18:13:34.218000,-0.0240325927734375,159.60591133004928
18:13:34.218000,-0.0247955322265625,159.60591133004928
18:13:34.219000,-0.0244140625,159.60591133004928
18:13:34.219000,-0.0232696533203125,159.60591133004928
18:13:34.354000,-0.02288818359375,159.60591133004928
18:13:34.356000,-0.023651123046875,159.60591133004928
18:13:34.357000,-0.0255584716796875,159.60591133004928
18:13:34.358000,-0.0247955322265625,159.60591133004928
18:13:34.359000,-0.0244140625,159.60591133004928
18:13:34.360000,-0.0244140625,159.60591133004928
18:13:34.360000,-0.0240325927734375,159.60591133004928
18:13:34.361000,-0.025177001953125,159.60591133004928
18:13:34.361000,-0.025177001953125,159.60591133004928
18:13:34.362000,-0.025177001953125,159.60591133004928
18:13:34.362000,-0.0244140625,159.60591133004928
18:13:34.363000,-0.023651123046875,159.60591133004928
18:13:34.364000,-0.0240325927734375,159.60591133004928
18:13:34.364000,-0.0240325927734375,159.60591133004928
18:13:34.365000,-0.0240325927734375,159.60591133004928
18:13:34.365000,-0.0244140625,159.60591133004928
18:13:34.459000,-0.0244140625,159.60591133004928
18:13:34.461000,-0.0247955322265625,159.60591133004928
18:13:34.461000,-0.0247955322265625,159.60591133004928
18:13:34.462000,-0.025177001953125,159.60591133004928
18:13:34.463000,-0.0255584716796875,159.60591133004928
18:13:34.464000,-0.02593994140625,159.60591133004928
18:13:34.464000,-0.0255584716796875,159.60591133004928
18:13:34.465000,-0.0244140625,159.60591133004928
18:13:34.465000,-0.023651123046875,159.60591133004928
18:13:34.466000,-0.0240325927734375,159.60591133004928
18:13:34.467000,-0.0255584716796875,159.60591133004928
18:13:34.468000,-0.0247955322265625,159.60591133004928
18:13:34.469000,-0.0244140625,159.60591133004928
18:13:34.470000,-0.0244140625,159.60591133004928
18:13:34.471000,-0.0240325927734375,159.60591133004928
18:13:34.471000,-0.025177001953125,159.60591133004928
18:13:34.581000,-0.025177001953125,159.60591133004928
18:13:34.582000,-0.0240325927734375,159.60591133004928
18:13:34.583000,-0.0240325927734375,159.60591133004928
18:13:34.584000,-0.0232696533203125,159.60591133004928
18:13:34.585000,-0.0240325927734375,159.60591133004928
18:13:34.585000,-0.023651123046875,159.60591133004928
18:13:34.586000,-0.0232696533203125,159.60591133004928
18:13:34.587000,-0.0232696533203125,159.60591133004928
18:13:34.588000,-0.02288818359375,159.60591133004928
18:13:34.588000,-0.0232696533203125,159.60591133004928
18:13:34.589000,-0.0244140625,159.60591133004928
18:13:34.590000,-0.0244140625,159.60591133004928
18:13:34.591000,-0.023651123046875,159.60591133004928
18:13:34.591000,-0.023651123046875,159.60591133004928
18:13:34.592000,-0.0232696533203125,159.60591133004928
18:13:34.593000,-0.0244140625,159.60591133004928
18:13:34.715000,-0.0247955322265625,159.60591133004928
18:13:34.716000,-0.0244140625,159.60591133004928
18:13:34.717000,-0.0244140625,159.60591133004928
18:13:34.718000,-0.0244140625,159.60591133004928
18:13:34.718000,-0.0247955322265625,159.60591133004928
18:13:34.719000,-0.0247955322265625,159.60591133004928
18:13:34.720000,-0.0244140625,159.60591133004928
18:13:34.720000,-0.0247955322265625,159.60591133004928
18:13:34.721000,-0.023651123046875,159.60591133004928
18:13:34.722000,-0.0244140625,159.60591133004928
18:13:34.722000,-0.025177001953125,159.60591133004928
18:13:34.723000,-0.0247955322265625,159.60591133004928
18:13:34.724000,-0.0247955322265625,159.60591133004928
18:13:34.724000,-0.0244140625,159.60591133004928
18:13:34.725000,-0.0240325927734375,159.60591133004928
18:13:34.725000,-0.023651123046875,159.60591133004928
18:13:34.834000,-0.0240325927734375,159.60591133004928
18:13:34.835000,-0.0232696533203125,159.60591133004928
18:13:34.836000,-0.0225067138671875,159.60591133004928
18:13:34.836000,-0.0225067138671875,159.60591133004928
18:13:34.837000,-0.02288818359375,159.60591133004928
18:13:34.838000,-0.023651123046875,159.60591133004928
18:13:34.839000,-0.023651123046875,159.60591133004928
18:13:34.840000,-0.0232696533203125,159.60591133004928
18:13:34.878000,-0.0232696533203125,159.60591133004928
18:13:34.879000,-0.0244140625,159.60591133004928
18:13:34.880000,-0.0247955322265625,159.60591133004928
18:13:34.880000,-0.025177001953125,159.60591133004928
18:13:34.881000,-0.0244140625,159.60591133004928
18:13:34.882000,-0.023651123046875,159.60591133004928
18:13:34.883000,-0.023651123046875,159.60591133004928
18:13:34.884000,-0.0244140625,159.60591133004928
18:13:34.955000,-0.0244140625,159.60591133004928
18:13:34.956000,-0.0247955322265625,159.60591133004928
18:13:34.957000,-0.0244140625,159.60591133004928
18:13:34.958000,-0.0240325927734375,159.60591133004928
18:13:34.958000,-0.0240325927734375,159.60591133004928
18:13:34.959000,-0.0244140625,159.60591133004928
18:13:34.959000,-0.025177001953125,159.60591133004928
18:13:34.960000,-0.0244140625,159.60591133004928
18:13:34.960000,-0.0247955322265625,159.60591133004928
18:13:34.961000,-0.0240325927734375,159.60591133004928
18:13:34.962000,-0.023651123046875,159.60591133004928
18:13:34.962000,-0.0240325927734375,159.60591133004928
18:13:34.963000,-0.023651123046875,159.60591133004928
18:13:34.963000,-0.023651123046875,159.60591133004928
18:13:34.964000,-0.02288818359375,159.60591133004928
18:13:34.964000,-0.02288818359375,159.60591133004928
18:13:35.090000,-0.023651123046875,159.60591133004928
18:13:35.091000,-0.0244140625,159.60591133004928
18:13:35.091000,-0.0247955322265625,159.60591133004928
18:13:35.092000,-0.0244140625,159.60591133004928
18:13:35.093000,-0.0247955322265625,159.60591133004928
18:13:35.093000,-0.0247955322265625,159.60591133004928
18:13:35.094000,-0.0247955322265625,159.60591133004928
18:13:35.095000,-0.0244140625,159.60591133004928
18:13:35.095000,-0.0240325927734375,159.60591133004928
18:13:35.096000,-0.025177001953125,159.60591133004928
18:13:35.097000,-0.025177001953125,159.60591133004928
18:13:35.097000,-0.0244140625,159.60591133004928
18:13:35.098000,-0.0240325927734375,159.60591133004928
18:13:35.098000,-0.023651123046875,159.60591133004928
18:13:35.099000,-0.0240325927734375,159.60591133004928
18:13:35.099000,-0.0240325927734375,159.60591133004928
18:13:35.209000,-0.0240325927734375,159.60591133004928
18:13:35.210000,-0.0247955322265625,159.60591133004928
18:13:35.211000,-0.0247955322265625,159.60591133004928
18:13:35.212000,-0.0247955322265625,159.60591133004928
18:13:35.213000,-0.0247955322265625,159.60591133004928
18:13:35.214000,-0.0244140625,159.60591133004928
18:13:35.215000,-0.0240325927734375,159.60591133004928
18:13:35.216000,-0.0240325927734375,159.60591133004928
18:13:35.217000,-0.0240325927734375,159.60591133004928
18:13:35.217000,-0.025177001953125,159.60591133004928
18:13:35.218000,-0.0255584716796875,159.60591133004928
18:13:35.218000,-0.02593994140625,159.60591133004928
18:13:35.219000,-0.025177001953125,159.60591133004928
18:13:35.220000,-0.0247955322265625,159.60591133004928
18:13:35.221000,-0.025177001953125,159.60591133004928
18:13:35.221000,-0.0247955322265625,159.60591133004928
18:13:35.330000,-0.0247955322265625,159.60591133004928
18:13:35.332000,-0.0255584716796875,159.60591133004928
18:13:35.333000,-0.0255584716796875,159.60591133004928
18:13:35.334000,-0.025177001953125,159.60591133004928
18:13:35.334000,-0.0247955322265625,159.60591133004928
18:13:35.335000,-0.0247955322265625,159.60591133004928
18:13:35.335000,-0.0247955322265625,159.60591133004928
18:13:35.336000,-0.0247955322265625,159.60591133004928
18:13:35.337000,-0.0244140625,159.60591133004928
18:13:35.337000,-0.0244140625,159.60591133004928
18:13:35.338000,-0.025177001953125,159.60591133004928
18:13:35.338000,-0.0255584716796875,159.60591133004928
18:13:35.339000,-0.0244140625,159.60591133004928
18:13:35.339000,-0.023651123046875,159.60591133004928
18:13:35.340000,-0.0232696533203125,159.60591133004928
18:13:35.341000,-0.0244140625,159.60591133004928
18:13:35.464000,-0.025177001953125,159.60591133004928
18:13:35.466000,-0.0244140625,159.60591133004928
18:13:35.467000,-0.0247955322265625,159.60591133004928
18:13:35.467000,-0.023651123046875,159.60591133004928
18:13:35.468000,-0.0240325927734375,159.60591133004928
18:13:35.469000,-0.0244140625,159.60591133004928
18:13:35.469000,-0.0247955322265625,159.60591133004928
18:13:35.470000,-0.0247955322265625,159.60591133004928
18:13:35.497000,-0.0244140625,159.60591133004928
18:13:35.498000,-0.025177001953125,159.60591133004928
18:13:35.498000,-0.0255584716796875,159.60591133004928
18:13:35.499000,-0.0247955322265625,159.60591133004928
18:13:35.500000,-0.0247955322265625,159.60591133004928
18:13:35.500000,-0.0240325927734375,159.60591133004928
18:13:35.501000,-0.0244140625,159.60591133004928
18:13:35.502000,-0.0244140625,159.60591133004928
18:13:35.584000,-0.025177001953125,159.60591133004928
18:13:35.586000,-0.0247955322265625,159.60591133004928
18:13:35.586000,-0.0247955322265625,159.60591133004928
18:13:35.587000,-0.0244140625,159.60591133004928
18:13:35.588000,-0.0247955322265625,159.60591133004928
18:13:35.589000,-0.025177001953125,159.60591133004928
18:13:35.589000,-0.025177001953125,159.60591133004928
18:13:35.590000,-0.025177001953125,159.60591133004928
18:13:35.590000,-0.0244140625,159.60591133004928
18:13:35.591000,-0.025177001953125,159.60591133004928
18:13:35.592000,-0.025177001953125,159.60591133004928
18:13:35.592000,-0.025177001953125,159.60591133004928
18:13:35.593000,-0.0247955322265625,159.60591133004928
18:13:35.593000,-0.0247955322265625,159.60591133004928
18:13:35.594000,-0.02593994140625,159.60591133004928
18:13:35.595000,-0.025177001953125,159.60591133004928
18:13:35.704000,-0.0240325927734375,159.60591133004928
18:13:35.705000,-0.0240325927734375,159.60591133004928
18:13:35.707000,-0.023651123046875,159.60591133004928
18:13:35.708000,-0.0244140625,159.60591133004928
18:13:35.709000,-0.0244140625,159.60591133004928
18:13:35.710000,-0.0232696533203125,159.60591133004928
18:13:35.712000,-0.023651123046875,159.60591133004928
18:13:35.713000,-0.0240325927734375,159.60591133004928
18:13:35.714000,-0.0240325927734375,159.60591133004928
18:13:35.714000,-0.0244140625,159.60591133004928
18:13:35.715000,-0.0240325927734375,159.60591133004928
18:13:35.716000,-0.0240325927734375,159.60591133004928
18:13:35.717000,-0.0247955322265625,159.60591133004928
18:13:35.717000,-0.0255584716796875,159.60591133004928
18:13:35.718000,-0.0255584716796875,159.60591133004928
18:13:35.719000,-0.0244140625,159.60591133004928
18:13:35.839000,-0.0244140625,159.60591133004928
18:13:35.840000,-0.0255584716796875,159.60591133004928
18:13:35.841000,-0.0255584716796875,159.60591133004928
18:13:35.842000,-0.025177001953125,159.60591133004928
18:13:35.843000,-0.0255584716796875,159.60591133004928
18:13:35.843000,-0.02593994140625,159.60591133004928
18:13:35.844000,-0.025177001953125,159.60591133004928
18:13:35.845000,-0.025177001953125,159.60591133004928
18:13:35.845000,-0.0247955322265625,159.60591133004928
18:13:35.846000,-0.0247955322265625,159.60591133004928
18:13:35.847000,-0.025177001953125,159.60591133004928
18:13:35.847000,-0.0240325927734375,159.60591133004928
18:13:35.848000,-0.023651123046875,159.60591133004928
18:13:35.849000,-0.023651123046875,159.60591133004928
18:13:35.849000,-0.0247955322265625,159.60591133004928
18:13:35.850000,-0.0244140625,159.60591133004928
18:13:35.959000,-0.0232696533203125,159.60591133004928
18:13:35.960000,-0.0232696533203125,159.60591133004928
18:13:35.961000,-0.023651123046875,159.60591133004928
18:13:35.962000,-0.0244140625,159.60591133004928
18:13:35.963000,-0.0247955322265625,159.60591133004928
18:13:35.964000,-0.0244140625,159.60591133004928
18:13:35.965000,-0.0244140625,159.60591133004928
18:13:35.966000,-0.023651123046875,159.60591133004928
18:13:35.967000,-0.0247955322265625,159.60591133004928
18:13:35.968000,-0.025177001953125,159.60591133004928
18:13:35.969000,-0.0247955322265625,159.60591133004928
18:13:35.969000,-0.0247955322265625,159.60591133004928
18:13:35.970000,-0.0247955322265625,159.60591133004928
18:13:35.971000,-0.025177001953125,159.60591133004928
18:13:35.972000,-0.025177001953125,159.60591133004928
18:13:35.972000,-0.0240325927734375,159.60591133004928
18:13:36.080000,-0.023651123046875,159.60591133004928
18:13:36.081000,-0.023651123046875,159.60591133004928
18:13:36.082000,-0.0247955322265625,159.60591133004928
18:13:36.082000,-0.0244140625,159.60591133004928
18:13:36.083000,-0.0247955322265625,159.60591133004928
18:13:36.084000,-0.0247955322265625,159.60591133004928
18:13:36.084000,-0.02593994140625,159.60591133004928
18:13:36.085000,-0.025177001953125,159.60591133004928
18:13:36.086000,-0.0247955322265625,159.60591133004928
18:13:36.087000,-0.025177001953125,159.60591133004928
18:13:36.088000,-0.025177001953125,159.60591133004928
18:13:36.089000,-0.02593994140625,159.60591133004928
18:13:36.090000,-0.0244140625,159.60591133004928
18:13:36.090000,-0.0240325927734375,159.60591133004928
18:13:36.091000,-0.0247955322265625,159.60591133004928
18:13:36.092000,-0.0244140625,159.60591133004928
18:13:36.214000,-0.0247955322265625,159.60591133004928
18:13:36.215000,-0.0244140625,159.60591133004928
18:13:36.216000,-0.0240325927734375,159.60591133004928
18:13:36.217000,-0.0244140625,159.60591133004928
18:13:36.219000,-0.0240325927734375,159.60591133004928
18:13:36.220000,-0.0244140625,159.60591133004928
18:13:36.221000,-0.0240325927734375,159.60591133004928
18:13:36.222000,-0.023651123046875,159.60591133004928
18:13:36.223000,-0.0244140625,159.60591133004928
18:13:36.223000,-0.0240325927734375,159.60591133004928
18:13:36.224000,-0.0240325927734375,159.60591133004928
18:13:36.224000,-0.0240325927734375,159.60591133004928
18:13:36.225000,-0.025177001953125,159.60591133004928
18:13:36.226000,-0.025177001953125,159.60591133004928
18:13:36.226000,-0.0244140625,159.60591133004928
18:13:36.227000,-0.023651123046875,159.60591133004928
18:13:36.334000,-0.0244140625,159.60591133004928
18:13:36.336000,-0.02593994140625,159.60591133004928
18:13:36.337000,-0.0255584716796875,159.60591133004928
18:13:36.337000,-0.0247955322265625,159.60591133004928
18:13:36.338000,-0.0244140625,159.60591133004928
18:13:36.339000,-0.0247955322265625,159.60591133004928
18:13:36.339000,-0.025177001953125,159.60591133004928
18:13:36.340000,-0.025177001953125,159.60591133004928
18:13:36.340000,-0.025177001953125,159.60591133004928
18:13:36.341000,-0.025177001953125,159.60591133004928
18:13:36.342000,-0.0247955322265625,159.60591133004928
18:13:36.342000,-0.023651123046875,159.60591133004928
18:13:36.343000,-0.0232696533203125,159.60591133004928
18:13:36.343000,-0.023651123046875,159.60591133004928
18:13:36.344000,-0.0232696533203125,159.60591133004928
18:13:36.344000,-0.0240325927734375,159.60591133004928
18:13:36.463000,-0.0240325927734375,159.60591133004928
18:13:36.465000,-0.0244140625,159.60591133004928
18:13:36.466000,-0.023651123046875,159.60591133004928
18:13:36.467000,-0.0240325927734375,159.60591133004928
18:13:36.468000,-0.0247955322265625,159.60591133004928
18:13:36.469000,-0.0247955322265625,159.60591133004928
18:13:36.470000,-0.0247955322265625,159.60591133004928
18:13:36.471000,-0.0244140625,159.60591133004928
18:13:36.473000,-0.0244140625,159.60591133004928
18:13:36.474000,-0.0247955322265625,159.60591133004928
18:13:36.475000,-0.025177001953125,159.60591133004928
18:13:36.476000,-0.025177001953125,159.60591133004928
18:13:36.477000,-0.025177001953125,159.60591133004928
18:13:36.478000,-0.0244140625,159.60591133004928
18:13:36.478000,-0.0244140625,159.60591133004928
18:13:36.479000,-0.0240325927734375,159.60591133004928
18:13:36.589000,-0.023651123046875,159.60591133004928
18:13:36.591000,-0.0240325927734375,159.60591133004928
18:13:36.592000,-0.0240325927734375,159.60591133004928
18:13:36.592000,-0.0244140625,159.60591133004928
18:13:36.594000,-0.0240325927734375,159.60591133004928
18:13:36.595000,-0.0244140625,159.60591133004928
18:13:36.596000,-0.0240325927734375,159.60591133004928
18:13:36.596000,-0.023651123046875,159.60591133004928
18:13:36.597000,-0.0244140625,159.60591133004928
18:13:36.598000,-0.0244140625,159.60591133004928
18:13:36.598000,-0.0244140625,159.60591133004928
18:13:36.599000,-0.0244140625,159.60591133004928
18:13:36.600000,-0.023651123046875,159.60591133004928
18:13:36.601000,-0.023651123046875,159.60591133004928
18:13:36.602000,-0.0232696533203125,159.60591133004928
18:13:36.602000,-0.023651123046875,159.60591133004928
18:13:36.740000,-0.0232696533203125,159.60591133004928
18:13:36.741000,-0.02288818359375,159.60591133004928
18:13:36.741000,-0.0232696533203125,159.60591133004928
18:13:36.742000,-0.0244140625,159.60591133004928
18:13:36.743000,-0.0247955322265625,159.60591133004928
18:13:36.743000,-0.0247955322265625,159.60591133004928
18:13:36.744000,-0.0244140625,159.60591133004928
18:13:36.745000,-0.023651123046875,159.60591133004928
18:13:36.746000,-0.0240325927734375,159.60591133004928
18:13:36.747000,-0.0247955322265625,159.60591133004928
18:13:36.748000,-0.0255584716796875,159.60591133004928
18:13:36.749000,-0.025177001953125,159.60591133004928
18:13:36.750000,-0.0244140625,159.60591133004928
18:13:36.751000,-0.023651123046875,159.60591133004928
18:13:36.751000,-0.0247955322265625,159.60591133004928
18:13:36.752000,-0.025177001953125,159.60591133004928
18:13:36.830000,-0.0240325927734375,170.24630541871923
18:13:36.831000,-0.0232696533203125,170.24630541871923
18:13:36.832000,-0.023651123046875,170.24630541871923
18:13:36.832000,-0.0247955322265625,170.24630541871923
18:13:36.833000,-0.025177001953125,170.24630541871923
18:13:36.833000,-0.0247955322265625,170.24630541871923
18:13:36.834000,-0.0240325927734375,170.24630541871923
18:13:36.835000,-0.0247955322265625,170.24630541871923
18:13:36.835000,-0.0255584716796875,170.24630541871923
18:13:36.836000,-0.02593994140625,170.24630541871923
18:13:36.837000,-0.0247955322265625,170.24630541871923
18:13:36.837000,-0.0247955322265625,170.24630541871923
18:13:36.838000,-0.0244140625,170.24630541871923
18:13:36.839000,-0.0255584716796875,170.24630541871923
18:13:36.839000,-0.0255584716796875,170.24630541871923
18:13:36.840000,-0.025177001953125,170.24630541871923
18:13:36.971000,-0.0240325927734375,170.24630541871923
18:13:36.971000,-0.0244140625,170.24630541871923
18:13:36.972000,-0.0247955322265625,170.24630541871923
18:13:36.973000,-0.025177001953125,170.24630541871923
18:13:36.973000,-0.0244140625,170.24630541871923
18:13:36.974000,-0.0240325927734375,170.24630541871923
18:13:36.975000,-0.0244140625,170.24630541871923
18:13:36.975000,-0.0247955322265625,170.24630541871923
18:13:36.976000,-0.0244140625,170.24630541871923
18:13:36.976000,-0.0232696533203125,170.24630541871923
18:13:36.977000,-0.0232696533203125,170.24630541871923
18:13:36.978000,-0.0244140625,170.24630541871923
18:13:36.979000,-0.0255584716796875,170.24630541871923
18:13:36.980000,-0.0247955322265625,170.24630541871923
18:13:36.981000,-0.0240325927734375,170.24630541871923
18:13:36.982000,-0.0232696533203125,170.24630541871923
18:13:37.084000,-0.0244140625,170.24630541871923
18:13:37.085000,-0.0244140625,170.24630541871923
18:13:37.086000,-0.0232696533203125,170.24630541871923
18:13:37.086000,-0.0232696533203125,170.24630541871923
18:13:37.087000,-0.02288818359375,170.24630541871923
18:13:37.088000,-0.0225067138671875,170.24630541871923
18:13:37.088000,-0.02288818359375,170.24630541871923
18:13:37.089000,-0.023651123046875,170.24630541871923
18:13:37.089000,-0.0240325927734375,170.24630541871923
18:13:37.090000,-0.0244140625,170.24630541871923
18:13:37.090000,-0.0240325927734375,170.24630541871923
18:13:37.091000,-0.0244140625,170.24630541871923
18:13:37.091000,-0.0244140625,170.24630541871923
18:13:37.092000,-0.0240325927734375,170.24630541871923
18:13:37.092000,-0.023651123046875,170.24630541871923
18:13:37.093000,-0.0240325927734375,170.24630541871923
18:13:37.205000,-0.0240325927734375,159.60591133004928
18:13:37.206000,-0.0240325927734375,159.60591133004928
18:13:37.207000,-0.023651123046875,159.60591133004928
18:13:37.208000,-0.023651123046875,159.60591133004928
18:13:37.209000,-0.0247955322265625,159.60591133004928
18:13:37.210000,-0.0244140625,159.60591133004928
18:13:37.212000,-0.0244140625,159.60591133004928
18:13:37.213000,-0.0247955322265625,159.60591133004928
18:13:37.214000,-0.0247955322265625,159.60591133004928
18:13:37.215000,-0.0247955322265625,159.60591133004928
18:13:37.216000,-0.0244140625,159.60591133004928
18:13:37.216000,-0.0244140625,159.60591133004928
18:13:37.257000,-0.0244140625,170.24630541871923
18:13:37.258000,-0.0247955322265625,170.24630541871923
18:13:37.259000,-0.0247955322265625,170.24630541871923
18:13:37.259000,-0.0244140625,170.24630541871923
18:13:37.340000,-0.0247955322265625,170.24630541871923
18:13:37.341000,-0.0247955322265625,170.24630541871923
18:13:37.342000,-0.0244140625,170.24630541871923
18:13:37.343000,-0.0240325927734375,170.24630541871923
18:13:37.344000,-0.0240325927734375,170.24630541871923
18:13:37.344000,-0.0247955322265625,170.24630541871923
18:13:37.345000,-0.0255584716796875,170.24630541871923
18:13:37.346000,-0.0255584716796875,170.24630541871923
18:13:37.346000,-0.0244140625,170.24630541871923
18:13:37.347000,-0.02288818359375,170.24630541871923
18:13:37.348000,-0.0240325927734375,170.24630541871923
18:13:37.349000,-0.0247955322265625,170.24630541871923
18:13:37.349000,-0.0255584716796875,170.24630541871923
18:13:37.350000,-0.0247955322265625,170.24630541871923
18:13:37.350000,-0.0240325927734375,170.24630541871923
18:13:37.351000,-0.023651123046875,170.24630541871923
18:13:37.459000,-0.0244140625,170.24630541871923
18:13:37.460000,-0.023651123046875,170.24630541871923
18:13:37.461000,-0.023651123046875,170.24630541871923
18:13:37.462000,-0.0244140625,170.24630541871923
18:13:37.463000,-0.025177001953125,170.24630541871923
18:13:37.464000,-0.0247955322265625,170.24630541871923
18:13:37.465000,-0.025177001953125,170.24630541871923
18:13:37.466000,-0.0247955322265625,170.24630541871923
18:13:37.467000,-0.0247955322265625,170.24630541871923
18:13:37.467000,-0.0244140625,170.24630541871923
18:13:37.468000,-0.0244140625,170.24630541871923
18:13:37.469000,-0.0244140625,170.24630541871923
18:13:37.500000,-0.025177001953125,170.24630541871923
18:13:37.501000,-0.0247955322265625,170.24630541871923
18:13:37.501000,-0.0240325927734375,170.24630541871923
18:13:37.502000,-0.0247955322265625,170.24630541871923
18:13:37.581000,-0.0240325927734375,170.24630541871923
18:13:37.582000,-0.0247955322265625,170.24630541871923
18:13:37.583000,-0.0240325927734375,170.24630541871923
18:13:37.584000,-0.0240325927734375,170.24630541871923
18:13:37.585000,-0.0240325927734375,170.24630541871923
18:13:37.586000,-0.0244140625,170.24630541871923
18:13:37.587000,-0.0244140625,170.24630541871923
18:13:37.588000,-0.0247955322265625,170.24630541871923
18:13:37.588000,-0.023651123046875,170.24630541871923
18:13:37.589000,-0.023651123046875,170.24630541871923
18:13:37.590000,-0.023651123046875,170.24630541871923
18:13:37.590000,-0.0247955322265625,170.24630541871923
18:13:37.591000,-0.0247955322265625,170.24630541871923
18:13:37.592000,-0.0240325927734375,170.24630541871923
18:13:37.592000,-0.0244140625,170.24630541871923
18:13:37.593000,-0.025177001953125,170.24630541871923
18:13:37.714000,-0.0240325927734375,159.60591133004928
18:13:37.715000,-0.0244140625,159.60591133004928
18:13:37.716000,-0.025177001953125,159.60591133004928
18:13:37.717000,-0.025177001953125,159.60591133004928
18:13:37.718000,-0.0247955322265625,159.60591133004928
18:13:37.719000,-0.0244140625,159.60591133004928
18:13:37.719000,-0.0247955322265625,159.60591133004928
18:13:37.720000,-0.0255584716796875,159.60591133004928
18:13:37.721000,-0.025177001953125,159.60591133004928
18:13:37.721000,-0.0244140625,159.60591133004928
18:13:37.722000,-0.023651123046875,159.60591133004928
18:13:37.723000,-0.0247955322265625,159.60591133004928
18:13:37.723000,-0.025177001953125,159.60591133004928
18:13:37.724000,-0.0255584716796875,159.60591133004928
18:13:37.724000,-0.025177001953125,159.60591133004928
18:13:37.725000,-0.0247955322265625,159.60591133004928
18:13:37.838000,-0.0240325927734375,159.60591133004928
18:13:37.839000,-0.0240325927734375,159.60591133004928
18:13:37.840000,-0.0240325927734375,159.60591133004928
18:13:37.840000,-0.0247955322265625,159.60591133004928
18:13:37.863000,-0.025177001953125,159.60591133004928
18:13:37.865000,-0.025177001953125,159.60591133004928
18:13:37.866000,-0.0247955322265625,159.60591133004928
18:13:37.866000,-0.0247955322265625,159.60591133004928
18:13:37.868000,-0.0232696533203125,159.60591133004928
18:13:37.869000,-0.0232696533203125,159.60591133004928
18:13:37.870000,-0.0240325927734375,159.60591133004928
18:13:37.871000,-0.0255584716796875,159.60591133004928
18:13:37.871000,-0.025177001953125,159.60591133004928
18:13:37.872000,-0.025177001953125,159.60591133004928
18:13:37.873000,-0.0247955322265625,159.60591133004928
18:13:37.873000,-0.0240325927734375,159.60591133004928
18:13:37.959000,-0.025177001953125,170.2463054187192
18:13:37.960000,-0.0255584716796875,170.2463054187192
18:13:37.961000,-0.0255584716796875,170.2463054187192
18:13:37.962000,-0.025177001953125,170.2463054187192
18:13:37.962000,-0.0247955322265625,170.2463054187192
18:13:37.963000,-0.0247955322265625,170.2463054187192
18:13:37.963000,-0.025177001953125,170.2463054187192
18:13:37.965000,-0.0244140625,170.2463054187192
18:13:37.966000,-0.0247955322265625,170.2463054187192
18:13:37.967000,-0.0240325927734375,170.2463054187192
18:13:37.968000,-0.025177001953125,170.2463054187192
18:13:37.970000,-0.0255584716796875,170.2463054187192
18:13:37.971000,-0.0255584716796875,170.2463054187192
18:13:37.971000,-0.0247955322265625,170.2463054187192
18:13:37.972000,-0.0247955322265625,170.2463054187192
18:13:37.973000,-0.025177001953125,170.2463054187192
